day,item,maker_hours_short,supplier_hours_short,held,brought_in,crafted,used,bought,carted_in
0,"apples",135,189,1033,639,0,934,1291,0
0,"bandages",0,0,0,0,192,0,0,0
0,"barrel",0,0,0,0,56,0,0,0
0,"beeswax",57,0,21,37,0,96,16,0
0,"bones",0,0,336,0,0,0,0,0
0,"bread",0,0,0,0,162,0,0,0
0,"bricks",0,0,0,0,144,0,0,0
0,"bronze_bar",0,0,175,0,104,113,0,0
0,"candle_tallow",0,0,0,0,80,0,0,0
0,"candle_wax",0,0,0,0,80,0,0,0
0,"canvas",0,0,0,0,120,0,0,0
0,"charcoal",382,0,85,103,0,322,101,0
0,"cheese",0,0,0,0,48,0,0,0
0,"cider",0,0,0,0,467,0,0,0
0,"clay",44,32,540,352,0,468,392,0
0,"copper_bar",16,0,38,0,42,52,5,0
0,"copper_ore",10,0,131,50,0,63,21,0
0,"cord",0,0,588,0,60,80,0,0
0,"firewood",0,0,2283,1690,0,359,417,0
0,"fish",0,0,568,280,0,256,56,0
0,"fittings",0,0,0,0,20,0,0,0
0,"flax",40,0,427,639,0,340,234,0
0,"flour",0,0,1385,0,80,27,0,0
0,"grapes",0,0,0,0,0,192,0,0
0,"handbell",0,0,0,0,96,0,0,0
0,"hay",0,0,0,1080,0,0,0,0
0,"hemp",79,0,555,639,0,380,229,0
0,"herbs",0,0,0,43,0,0,0,0
0,"hide",70,0,21,0,0,47,0,0
0,"honey",0,0,132,60,0,0,0,0
0,"ink",0,0,0,0,80,0,0,0
0,"iron_bar",2305,0,122,0,105,319,66,0
0,"iron_hoops",0,0,486,0,378,56,0,0
0,"iron_ore",42,0,72,186,0,210,127,0
0,"kettle_helm",0,0,0,0,72,0,0,0
0,"lamp_oil",0,0,0,0,80,0,0,0
0,"leather",132,1,371,0,94,275,224,0
0,"leather_cap",0,0,0,0,256,0,0,0
0,"ledger",0,0,0,0,75,0,0,0
0,"lime",0,0,0,0,144,0,0,0
0,"limestone",0,0,164,132,0,96,0,0
0,"linen_cloth",0,0,743,0,170,179,248,0
0,"lock",0,0,0,0,47,0,0,0
0,"meal",0,0,0,0,111,0,0,0
0,"milk",3,0,1370,558,0,300,192,0
0,"nails",0,0,0,0,378,0,0,0
0,"oak_bark",28,0,189,187,0,94,42,0
0,"oats",0,104,2007,639,0,108,1333,0
0,"paper",15,0,117,0,249,300,58,0
0,"peat",0,0,0,80,0,0,0,0
0,"pig",0,0,187,147,0,0,0,0
0,"pitch",0,0,0,0,40,0,0,0
0,"planks",48,0,176,0,24,56,28,0
0,"porridge",0,0,0,0,432,0,0,0
0,"raw_meat",0,0,637,0,0,111,21,0
0,"reeds",0,0,0,40,0,0,0,0
0,"resin",79,0,104,12,0,40,0,0
0,"rivets",0,0,0,0,6,0,0,0
0,"roof_tiles",0,0,0,0,84,0,0,0
0,"rope",0,0,0,0,60,0,0,0
0,"salt",0,0,140,100,0,0,0,0
0,"sealing_wax",0,0,0,0,32,0,0,0
0,"sheep",0,0,139,99,0,0,0,0
0,"smoked_fish",0,0,0,0,256,0,0,0
0,"steel_bar",0,0,116,0,72,72,0,0
0,"stone",0,0,0,132,0,0,0,0
0,"straw",0,0,1143,639,0,0,0,0
0,"sword",0,0,0,0,17,0,0,0
0,"tallow",0,0,520,0,0,200,140,0
0,"thyme",0,0,0,1,0,0,0,0
0,"timber",0,0,520,310,0,6,0,0
0,"tin_bar",96,0,0,0,4,52,0,0
0,"tin_ore",0,0,134,46,0,8,0,0
0,"vegetables",0,19,2169,1264,0,111,1010,0
0,"wheat",0,0,1080,1080,0,80,0,0
0,"wine",0,0,0,0,96,0,0,0
0,"wool",0,0,667,107,0,0,0,0
0,"wormwood",0,0,400,24,0,0,0,0
1,"apples",193,232,1387,638,0,284,583,0
1,"bandages",0,0,0,0,60,0,0,0
1,"barrel",0,0,0,0,1,0,0,0
1,"beeswax",190,0,42,37,0,16,26,0
1,"bones",0,0,337,0,2,1,0,0
1,"bread",0,0,0,0,186,0,0,0
1,"bricks",0,0,0,0,28,0,0,0
1,"bronze_bar",0,0,184,0,12,3,0,0
1,"candle_tallow",0,0,0,0,78,0,0,0
1,"candle_wax",0,0,0,0,10,0,0,0
1,"canvas",0,0,0,0,11,0,0,0
1,"chain",0,0,0,0,5,0,0,0
1,"charcoal",556,0,78,81,0,86,83,0
1,"cheese",0,0,0,0,22,0,0,0
1,"cider",0,0,0,0,142,0,0,0
1,"clay",37,29,698,240,0,82,200,0
1,"clay_pot",0,0,0,0,8,0,0,0
1,"copper_bar",24,0,70,0,38,6,0,0
1,"copper_ore",1,0,121,47,0,57,32,0
1,"cord",0,0,425,0,75,45,26,0
1,"fang_charm",0,0,0,0,4,0,0,0
1,"firewood",22,98,2183,377,0,109,384,0
1,"fish",1,38,733,264,0,98,502,0
1,"fittings",0,0,0,0,8,0,0,0
1,"flax",37,0,972,585,0,40,163,0
1,"flour",0,0,1351,0,0,32,7,0
1,"grapes",120,0,0,0,0,0,0,0
1,"handbell",0,0,0,0,3,0,0,0
1,"hemp",123,0,1086,605,0,74,209,0
1,"herbs",0,0,0,1,0,0,0,0
1,"hide",120,0,19,0,2,2,2,0
1,"honey",0,0,131,0,0,1,0,0
1,"honey_cake",0,0,0,0,3,0,0,0
1,"ink",0,0,0,0,6,0,0,0
1,"iron_bar",3717,0,135,0,43,30,30,0
1,"iron_hoops",0,0,485,0,0,1,0,0
1,"iron_ore",35,0,155,169,0,86,102,0
1,"kettle_helm",0,0,0,0,1,0,0,0
1,"lamp_oil",0,0,0,0,4,0,0,0
1,"leather",302,0,367,0,4,8,15,0
1,"leather_cap",0,0,0,0,8,0,0,0
1,"ledger",0,0,0,0,3,0,0,0
1,"lime",0,0,0,0,9,0,0,0
1,"limestone",0,0,246,88,0,6,0,0
1,"linen_cloth",0,0,716,0,20,46,21,0
1,"linen_neckerchief",0,0,0,0,12,0,0,0
1,"lock",0,0,0,0,3,0,0,0
1,"meal",0,0,0,0,30,0,0,0
1,"milk",0,6,1420,145,0,95,206,0
1,"mining_pick",0,0,0,0,2,0,0,0
1,"nails",0,0,0,0,36,0,0,0
1,"oak_bark",48,0,307,154,0,4,0,0
1,"oats",0,92,2638,643,0,7,15,0
1,"paper",24,0,144,0,39,12,0,0
1,"pig",0,0,312,127,0,2,0,0
1,"planks",72,0,186,0,36,1,0,0
1,"porridge",0,0,0,0,28,0,0,0
1,"raw_meat",43,0,612,0,8,30,21,0
1,"resin",115,0,115,11,0,0,0,0
1,"roof_tiles",0,0,0,0,12,0,0,0
1,"rope",0,0,0,0,13,0,0,0
1,"sack",0,0,0,0,2,0,0,0
1,"salt",0,0,140,0,0,0,0,0
1,"sealing_wax",0,0,0,0,12,0,0,0
1,"sheep",0,0,218,79,0,0,0,0
1,"sickle",0,0,0,0,2,0,0,0
1,"smoked_fish",0,0,0,0,98,0,0,0
1,"steel_bar",48,0,124,0,9,1,0,0
1,"stone",0,0,0,88,0,0,0,0
1,"straw",1,1,1621,496,0,18,320,0
1,"straw_hat",0,0,0,0,36,0,0,0
1,"tallow",18,86,477,0,4,47,50,0
1,"thyme",0,0,0,1,0,0,0,0
1,"timber",17,0,508,10,0,11,0,0
1,"tin_bar",142,0,0,0,6,6,0,0
1,"tin_ore",0,0,144,22,0,12,0,0
1,"vegetables",10,25,2581,442,0,30,215,0
1,"wheat",0,0,1080,0,0,0,0,0
1,"wool",0,0,712,66,0,21,0,0
1,"wool_scarf",0,0,0,0,21,0,0,0
1,"wormwood",0,0,416,16,0,0,0,0
1,"yarrow",0,0,0,1,0,0,0,0
2,"apples",168,189,1756,621,0,252,747,0
2,"bandages",0,0,0,0,44,0,0,0
2,"barrel",0,0,0,0,2,0,0,0
2,"beeswax",129,0,61,37,0,18,17,0
2,"bones",0,0,339,0,3,1,0,0
2,"bread",0,0,0,0,114,0,0,0
2,"bricks",0,0,0,0,14,0,0,0
2,"bronze_bar",0,0,198,0,14,0,0,0
2,"candle_tallow",0,0,0,0,84,0,0,0
2,"candle_wax",0,0,0,0,8,0,0,0
2,"chain",0,0,0,0,3,0,0,0
2,"charcoal",489,0,109,105,0,73,77,0
2,"cheese",0,0,0,0,13,0,0,0
2,"cider",0,0,0,0,126,0,0,0
2,"clay",13,13,735,90,0,53,57,0
2,"clay_pot",0,0,0,0,4,0,0,0
2,"cookpot",0,0,0,0,3,0,0,0
2,"copper_bar",24,0,85,0,22,7,0,0
2,"copper_ore",8,0,136,48,0,33,21,0
2,"cord",0,92,349,0,96,56,138,0
2,"draw_saw",0,0,0,0,1,0,0,0
2,"fang_charm",0,0,0,0,4,0,0,0
2,"firewood",23,136,2228,406,0,39,384,0
2,"fish",0,31,978,288,0,0,4,0
2,"fishing_net",0,0,0,0,3,0,0,0
2,"fittings",0,0,0,0,8,0,0,0
2,"flax",7,0,1145,305,0,132,243,0
2,"flour",0,0,1322,0,0,19,35,0
2,"grapes",120,0,0,0,0,0,0,0
2,"hay",0,0,0,57,0,0,55,0
2,"hemp",117,0,1361,337,0,62,27,0
2,"herbs",0,0,0,3,0,0,0,0
2,"hide",120,0,21,0,3,1,1,0
2,"honey",0,0,131,0,0,0,0,0
2,"ink",0,0,0,0,2,0,0,0
2,"iron_bar",3941,0,134,0,37,36,36,0
2,"iron_hoops",0,0,483,0,0,2,0,0
2,"iron_ore",31,0,221,140,0,74,54,0
2,"lamp_oil",0,0,0,0,10,0,0,0
2,"leather",288,7,360,0,2,2,13,0
2,"leather_cap",0,0,0,0,4,0,0,0
2,"lime",0,0,0,0,9,0,0,0
2,"limestone",0,0,279,39,0,6,28,0
2,"linen_cloth",0,0,752,0,66,30,97,0
2,"linen_neckerchief",0,0,0,0,12,0,0,0
2,"lock",0,0,0,0,9,0,0,0
2,"meal",0,0,0,0,44,0,0,0
2,"milk",0,0,1412,48,0,56,80,0
2,"nails",0,0,0,0,18,0,0,0
2,"oak_bark",32,0,381,76,0,2,0,0
2,"oats",0,50,2885,256,0,4,0,0
2,"paper",24,0,144,0,15,0,0,0
2,"pig",0,0,396,87,0,3,0,0
2,"pitch",0,0,0,0,10,0,0,0
2,"planks",72,0,194,0,40,2,0,0
2,"porridge",0,0,0,0,16,0,0,0
2,"raw_meat",71,0,580,0,12,44,14,0
2,"resin",114,0,117,12,0,10,0,0
2,"rivets",0,0,0,0,12,0,0,0
2,"roof_tiles",0,0,0,0,10,0,0,0
2,"rope",0,0,0,0,14,0,0,0
2,"sack",0,0,0,0,4,0,0,0
2,"salt",0,0,138,0,0,0,0,0
2,"sealing_wax",0,0,0,0,20,0,0,0
2,"sheep",0,0,257,39,0,0,0,0
2,"steel_bar",48,0,135,0,11,0,0,0
2,"stone",0,0,0,18,0,0,0,0
2,"straw",0,0,1716,109,0,14,0,0
2,"straw_hat",0,0,0,0,28,0,0,0
2,"tallow",6,141,421,0,6,62,52,0
2,"thyme",0,0,0,1,0,0,0,0
2,"timber",8,0,539,47,0,10,0,0
2,"tin_bar",120,0,3,0,10,7,0,0
2,"tin_ore",0,0,128,4,0,20,4,0
2,"vegetables",0,37,2616,79,0,44,147,0
2,"wheat",0,0,1080,0,0,0,0,0
2,"wool",0,0,713,12,0,11,14,0
2,"wool_scarf",0,0,0,0,11,0,0,0
2,"wormwood",0,0,416,0,0,0,0,0
3,"apples",137,68,2158,602,0,200,371,0
3,"bandages",0,0,0,0,36,0,0,0
3,"beeswax",84,0,55,11,0,17,11,0
3,"bones",0,0,342,0,4,1,0,0
3,"bread",0,0,0,0,144,0,0,0
3,"bricks",0,0,0,0,8,0,0,0
3,"bronze_bar",0,0,200,0,2,0,0,0
3,"candle_tallow",0,0,0,0,74,0,0,0
3,"candle_wax",0,0,0,0,14,0,0,0
3,"chain",0,0,0,0,1,0,0,0
3,"charcoal",483,0,140,88,0,57,53,0
3,"cheese",0,0,0,0,23,0,0,0
3,"cider",0,0,0,0,100,0,0,0
3,"clay",0,0,740,29,0,24,0,0
3,"clay_pot",0,0,0,0,6,0,0,0
3,"cookpot",0,0,0,0,2,0,0,0
3,"copper_bar",24,0,92,0,8,1,0,0
3,"copper_ore",8,0,153,29,0,12,0,0
3,"cord",0,103,330,0,69,48,32,0
3,"fang_charm",0,0,0,0,4,0,0,0
3,"firewood",60,106,2176,409,0,75,434,0
3,"fish",2,76,1192,300,0,82,113,0
3,"fishing_net",0,0,0,0,1,0,0,0
3,"fittings",0,0,0,0,2,0,0,0
3,"flax",4,0,1323,248,0,70,49,0
3,"flour",0,0,1293,0,0,24,42,0
3,"grapes",120,0,0,0,0,0,0,0
3,"hay",0,0,0,6,0,0,0,0
3,"hemp",67,0,1446,147,0,62,14,0
3,"herbs",0,0,0,4,0,0,0,0
3,"hide",120,0,20,0,4,4,4,0
3,"honey",0,0,131,0,0,0,0,0
3,"ink",0,0,0,0,2,0,0,0
3,"iron_bar",3964,0,146,0,38,22,22,0
3,"iron_hoops",0,0,483,0,0,0,0,0
3,"iron_ore",2,0,258,113,0,76,44,0
3,"iron_sword",0,0,0,0,2,0,0,0
3,"lamp_oil",0,0,0,0,2,0,0,0
3,"leather",288,7,360,0,8,2,2,0
3,"lime",0,0,0,0,9,0,0,0
3,"limestone",0,0,264,13,0,6,0,0
3,"linen_cloth",0,0,762,0,35,25,53,0
3,"linen_neckerchief",0,0,0,0,16,0,0,0
3,"meal",0,0,0,0,35,0,0,0
3,"milk",0,1,1413,96,0,95,156,0
3,"nails",0,0,0,0,6,0,0,0
3,"oak_bark",24,0,382,9,0,8,0,0
3,"oats",0,24,2927,50,0,3,0,0
3,"paper",24,0,144,0,9,0,0,0
3,"pig",0,0,411,19,0,4,0,0
3,"pitch",0,0,0,0,10,0,0,0
3,"planks",72,0,178,0,12,0,0,0
3,"porridge",0,0,0,0,12,0,0,0
3,"raw_meat",110,0,554,0,16,35,23,0
3,"resin",88,0,117,10,0,10,0,0
3,"rivets",0,0,0,0,18,0,0,0
3,"roof_tiles",0,0,0,0,3,0,0,0
3,"rope",0,0,0,0,19,0,0,0
3,"sack",0,0,0,0,2,0,0,0
3,"salt",0,0,136,0,0,0,0,0
3,"sealing_wax",0,0,0,0,6,0,0,0
3,"sheep",0,0,260,3,0,0,0,0
3,"smoked_fish",0,0,0,0,82,0,0,0
3,"steel_bar",48,0,147,0,12,0,0,0
3,"stone",0,0,0,5,0,0,0,0
3,"straw",0,0,1696,0,0,20,0,0
3,"straw_hat",0,0,0,0,40,0,0,0
3,"tallow",0,138,388,0,8,41,27,0
3,"timber",0,0,500,0,0,3,0,0
3,"tin_bar",95,0,3,0,1,1,0,0
3,"tin_ore",0,0,134,8,0,2,0,0
3,"vegetables",0,26,2617,36,0,35,25,0
3,"wheat",0,0,1080,0,0,0,0,0
3,"wool",0,0,700,3,0,16,7,0
3,"wool_scarf",0,0,0,0,16,0,0,0
3,"wormwood",0,0,416,0,0,0,0,0
4,"apples",164,45,2361,453,0,250,562,0
4,"bandages",0,0,0,0,48,0,0,0
4,"beeswax",96,0,89,35,0,1,0,0
4,"bones",0,0,352,0,12,2,0,0
4,"bread",0,0,0,0,114,0,0,0
4,"bricks",0,0,0,0,2,0,0,0
4,"bronze_bar",0,0,223,0,24,0,0,0
4,"candle_tallow",0,0,0,0,80,0,0,0
4,"chain",0,0,0,0,5,0,0,0
4,"charcoal",503,0,149,66,0,57,62,0
4,"cheese",0,0,0,0,32,0,0,0
4,"cider",0,0,0,0,125,0,0,0
4,"clay",0,0,872,149,0,17,0,0
4,"clay_pot",0,0,0,0,10,0,0,0
4,"cookpot",0,0,0,0,2,0,0,0
4,"copper_bar",24,0,88,0,8,12,0,0
4,"copper_ore",1,0,170,29,0,12,0,0
4,"cord",34,103,304,0,45,42,20,0
4,"fang_charm",0,0,0,0,8,0,0,0
4,"firewood",54,146,2128,342,0,55,360,0
4,"fish",41,109,1401,311,0,64,80,0
4,"fittings",0,0,0,0,16,0,0,0
4,"flax",0,0,1363,42,0,2,15,0
4,"flour",0,0,1263,0,0,19,0,0
4,"grapes",120,0,0,0,0,0,0,0
4,"hay",0,0,0,4,0,0,0,0
4,"hemp",55,0,1500,91,0,37,31,0
4,"herbs",0,0,0,2,0,0,0,0
4,"hide",102,0,23,0,12,9,10,0
4,"honey",0,0,131,0,0,0,0,0
4,"iron_bar",4015,0,152,0,35,26,33,0
4,"iron_hoops",0,0,483,0,0,0,0,0
4,"iron_ore",1,0,293,105,0,70,38,0
4,"iron_sword",0,0,0,0,7,0,0,0
4,"lamp_oil",0,0,0,0,1,0,0,0
4,"leather",304,0,371,0,18,7,11,0
4,"limestone",0,0,366,108,0,0,0,0
4,"linen_cloth",0,0,733,0,1,29,21,0
4,"linen_neckerchief",0,0,0,0,8,0,0,0
4,"meal",0,0,0,0,40,0,0,0
4,"milk",0,3,1452,170,0,131,313,0
4,"nails",0,0,0,0,6,0,0,0
4,"oak_bark",20,0,391,27,0,18,14,0
4,"oats",0,24,2967,48,0,3,0,0
4,"paper",24,0,144,0,9,0,0,0
4,"pig",0,0,406,7,0,12,7,0
4,"planks",72,0,177,0,16,0,0,0
4,"porridge",0,0,0,0,12,0,0,0
4,"raw_meat",120,2,560,0,48,40,43,0
4,"resin",96,0,123,6,0,0,0,0
4,"rivets",0,0,0,0,12,0,0,0
4,"roof_tiles",0,0,0,0,3,0,0,0
4,"rope",0,0,0,0,11,0,0,0
4,"salt",0,0,134,0,0,0,0,0
4,"sealing_wax",0,0,0,0,2,0,0,0
4,"sheep",0,0,260,0,0,0,0,0
4,"smoked_fish",0,0,0,0,64,0,0,0
4,"steel_bar",48,0,148,0,1,0,0,0
4,"stone",0,0,0,44,0,0,0,0
4,"straw",0,0,1680,0,0,16,0,0
4,"straw_hat",0,0,0,0,32,0,0,0
4,"tallow",36,144,370,0,24,42,20,0
4,"timber",0,0,549,59,0,4,7,0
4,"tin_bar",67,0,7,0,16,12,0,0
4,"tin_ore",26,0,114,12,0,32,4,0
4,"vegetables",0,24,2577,0,0,40,25,0
4,"wheat",0,0,1080,0,0,0,0,0
4,"wool",0,0,686,0,0,14,7,0
4,"wool_scarf",0,0,0,0,14,0,0,0
4,"wormwood",0,0,416,0,0,0,0,0
4,"yarrow",0,0,0,2,0,0,0,0
5,"apples",152,44,2421,318,0,258,510,0
5,"bandages",0,0,0,0,30,0,0,0
5,"beeswax",96,0,89,16,0,8,29,0
5,"bones",0,0,389,0,37,0,0,0
5,"bread",0,0,0,0,522,0,0,0
5,"bricks",0,0,0,0,6,0,0,0
5,"bronze_bar",0,0,222,0,0,0,0,0
5,"candle_tallow",0,0,0,0,68,0,0,0
5,"candle_wax",0,0,0,0,6,0,0,0
5,"chain",0,0,0,0,9,0,0,0
5,"charcoal",487,0,165,57,0,40,47,0
5,"cheese",0,0,0,0,43,0,0,0
5,"cider",0,0,0,0,129,0,0,0
5,"clay",0,0,852,0,0,20,0,0
5,"clay_pot",0,0,0,0,4,0,0,0
5,"cookpot",0,0,0,0,4,0,0,0
5,"copper_bar",24,0,92,0,4,0,0,0
5,"copper_ore",0,0,193,29,0,6,0,0
5,"cord",72,103,300,0,57,43,12,0
5,"draw_saw",0,0,0,0,3,0,0,0
5,"firewood",62,190,2109,474,0,136,581,0
5,"fish",77,146,1532,248,0,80,138,0
5,"fishing_net",0,0,0,0,2,0,0,0
5,"fittings",0,0,0,0,6,0,0,0
5,"flax",0,0,1394,33,0,2,36,0
5,"flour",0,0,1231,0,76,101,173,0
5,"grapes",120,0,0,0,0,0,0,0
5,"hay",0,0,0,2,0,0,0,0
5,"hemp",63,0,1509,46,0,37,36,0
5,"herbs",0,0,0,3,0,0,0,0
5,"hide",80,0,54,0,37,5,8,0
5,"honey",0,0,137,20,0,14,20,0
5,"honey_cake",0,0,0,0,42,0,0,0
5,"ink",0,0,0,0,2,0,0,0
5,"iron_bar",4047,0,156,0,33,26,25,0
5,"iron_hoops",0,0,483,0,0,0,0,0
5,"iron_ore",4,0,328,101,0,66,25,0
5,"iron_sword",0,0,0,0,4,0,0,0
5,"lamp_oil",0,0,0,0,4,0,0,0
5,"leather",310,0,372,0,10,4,10,0
5,"lime",0,0,0,0,9,0,0,0
5,"limestone",0,0,390,36,0,6,0,0
5,"linen_cloth",0,0,713,0,1,20,7,0
5,"linen_neckerchief",0,0,0,0,8,0,0,0
5,"meal",0,0,0,0,117,0,0,0
5,"milk",1,1,1319,150,0,283,352,0
5,"nails",0,0,0,0,6,0,0,0
5,"oak_bark",24,0,410,29,0,10,14,0
5,"oats",0,39,2987,136,0,111,313,0
5,"paper",24,0,144,0,9,0,0,0
5,"pig",0,0,382,13,0,37,35,0
5,"pitch",0,0,0,0,4,0,0,0
5,"planks",72,0,169,0,8,0,0,0
5,"porridge",0,0,0,0,444,0,0,0
5,"raw_meat",145,1,557,0,148,117,133,0
5,"resin",72,0,127,8,0,4,0,0
5,"rivets",0,0,0,0,6,0,0,0
5,"roof_tiles",0,0,0,0,3,0,0,0
5,"rope",0,0,0,0,9,0,0,0
5,"salt",0,0,133,0,0,0,0,0
5,"sealing_wax",0,0,0,0,4,0,0,0
5,"sheep",0,0,260,0,0,0,0,0
5,"smoked_fish",0,0,0,0,80,0,0,0
5,"steel_bar",48,0,149,0,1,0,0,0
5,"stone",0,0,0,14,0,0,0,0
5,"straw",0,0,1667,0,0,13,0,0
5,"straw_hat",0,0,0,0,26,0,0,0
5,"tallow",19,129,402,0,74,42,45,0
5,"timber",0,0,533,4,0,2,0,0
5,"tin_bar",48,0,9,0,2,0,0,0
5,"tin_ore",43,0,134,24,0,4,0,0
5,"vegetables",0,24,2582,122,0,117,251,0
5,"wheat",4,0,1190,186,0,76,226,0
5,"wool",0,0,678,0,0,8,7,0
5,"wool_scarf",0,0,0,0,8,0,0,0
5,"wormwood",0,0,416,0,0,0,0,0
5,"yarrow",0,0,0,1,0,0,0,0
6,"apples",144,89,2173,0,0,248,249,0
6,"bandages",0,0,0,0,34,0,0,0
6,"beeswax",96,0,82,0,0,7,8,0
6,"bones",0,0,413,0,27,3,0,0
6,"bread",0,0,0,0,174,0,0,0
6,"bricks",0,0,0,0,4,0,0,0
6,"bronze_bar",0,0,221,0,0,0,0,0
6,"candle_tallow",0,0,0,0,88,0,0,0
6,"candle_wax",0,0,0,0,4,0,0,0
6,"chain",0,0,0,0,7,0,0,0
6,"charcoal",426,0,137,0,0,28,32,0
6,"cheese",0,0,0,0,20,0,0,0
6,"cider",0,0,0,0,124,0,0,0
6,"clay",0,0,834,0,0,18,61,0
6,"clay_pot",0,0,0,0,6,0,0,0
6,"cookpot",0,0,0,0,2,0,0,0
6,"copper_bar",24,0,96,0,4,0,0,0
6,"copper_ore",0,0,187,0,0,6,0,0
6,"cord",33,94,303,0,84,55,62,0
6,"draw_saw",0,0,0,0,1,0,0,0
6,"fang_charm",0,0,0,0,12,0,0,0
6,"firewood",116,208,1729,0,0,58,364,0
6,"fish",97,173,1402,0,0,48,62,0
6,"fishing_net",0,0,0,0,2,0,0,0
6,"fittings",0,0,0,0,6,0,0,0
6,"flax",0,0,1394,0,0,0,0,0
6,"flour",0,0,1190,0,0,33,35,0
6,"grapes",120,0,0,0,0,0,0,0
6,"hemp",52,0,1462,0,0,47,30,0
6,"hide",60,0,72,0,27,9,11,0
6,"honey",0,0,133,0,0,4,0,0
6,"honey_cake",0,0,0,0,12,0,0,0
6,"ink",0,0,0,0,2,0,0,0
6,"iron_bar",4146,0,155,0,23,22,22,0
6,"iron_hoops",0,0,483,0,0,0,0,0
6,"iron_ore",24,0,289,7,0,46,31,0
6,"iron_sword",0,0,0,0,3,0,0,0
6,"lamp_oil",0,0,0,0,4,0,0,0
6,"leather",299,0,384,0,18,4,10,0
6,"leather_cap",0,0,0,0,2,0,0,0
6,"limestone",0,0,371,0,0,0,0,0
6,"linen_cloth",0,0,692,0,0,21,28,0
6,"linen_neckerchief",0,0,0,0,4,0,0,0
6,"meal",0,0,0,0,95,0,0,0
6,"milk",0,0,1146,0,0,173,357,0
6,"mining_pick",0,0,0,0,1,0,0,0
6,"nails",0,0,0,0,12,0,0,0
6,"oak_bark",24,0,392,0,0,18,0,0
6,"oats",0,24,2889,0,0,93,115,0
6,"paper",24,0,144,0,9,0,0,0
6,"pig",0,0,358,3,0,27,21,0
6,"pitch",0,0,0,0,4,0,0,0
6,"planks",72,0,164,0,12,0,0,0
6,"porridge",0,0,0,0,372,0,0,0
6,"raw_meat",144,1,512,0,108,95,120,0
6,"resin",61,0,123,0,0,4,0,0
6,"rivets",0,0,0,0,12,0,0,0
6,"roof_tiles",0,0,0,0,3,0,0,0
6,"rope",0,0,0,0,9,0,0,0
6,"sack",0,0,0,0,2,0,0,0
6,"salt",0,0,130,0,0,0,0,0
6,"sealing_wax",0,0,0,0,6,0,0,0
6,"sheep",0,0,260,0,0,0,0,0
6,"sickle",0,0,0,0,2,0,0,0
6,"smoked_fish",0,0,0,0,48,0,0,0
6,"steel_bar",48,0,149,0,0,0,0,0
6,"straw",0,0,1661,0,0,6,0,0
6,"straw_hat",0,0,0,0,12,0,0,0
6,"tallow",22,134,404,0,54,52,70,0
6,"timber",0,0,517,0,0,4,0,0
6,"tin_bar",48,0,9,0,0,0,0,0
6,"tin_ore",48,0,134,0,0,0,0,0
6,"vegetables",0,24,2487,0,0,95,136,0
6,"wheat",0,0,1190,0,0,0,0,0
6,"wool",0,0,675,0,0,3,7,0
6,"wool_scarf",0,0,0,0,3,0,0,0
6,"wormwood",0,0,416,0,0,0,0,0
7,"apples",36,44,2133,32,0,72,139,0
7,"bandages",0,0,0,0,26,0,0,0
7,"barrel",0,0,0,0,2,0,0,0
7,"beeswax",28,0,81,2,0,3,0,0
7,"bones",0,0,413,0,1,1,0,0
7,"bread",0,0,0,0,84,0,0,0
7,"bricks",0,0,0,0,4,0,0,0
7,"bronze_bar",0,0,220,0,0,0,0,0
7,"candle_tallow",0,0,0,0,40,0,0,0
7,"candle_wax",0,0,0,0,2,0,0,0
7,"canvas",0,0,0,0,1,0,0,0
7,"chain",0,0,0,0,1,0,0,0
7,"charcoal",110,0,134,4,0,7,11,0
7,"cheese",0,0,0,0,3,0,0,0
7,"cider",0,0,0,0,36,0,0,0
7,"clay",0,0,828,12,0,18,0,0
7,"clay_pot",0,0,0,0,6,0,0,0
7,"copper_bar",7,0,100,0,4,0,0,0
7,"copper_ore",0,0,181,0,0,6,0,0
7,"cord",0,28,272,0,12,22,27,0
7,"draw_saw",0,0,0,0,1,0,0,0
7,"fang_charm",0,0,0,0,4,0,0,0
7,"firewood",57,98,1419,40,0,28,378,0
7,"fish",28,63,1374,20,0,14,33,0
7,"flax",0,0,1399,5,0,0,0,0
7,"flour",0,7,1166,0,0,14,14,0
7,"grapes",35,0,0,0,0,0,0,0
7,"hay",0,0,0,16,0,0,0,0
7,"hemp",21,0,1466,10,0,6,0,0
7,"hide",14,0,72,0,1,0,0,0
7,"honey",0,0,133,0,0,0,0,0
7,"iron_bar",1225,0,149,0,3,6,20,0
7,"iron_hoops",0,0,481,0,0,2,0,0
7,"iron_ore",7,0,289,6,0,6,4,0
7,"lamp_oil",0,0,0,0,1,0,0,0
7,"leather",84,0,383,0,0,0,0,0
7,"lime",0,0,0,0,6,0,0,0
7,"limestone",0,0,365,4,0,4,0,0
7,"linen_cloth",0,0,677,0,0,15,28,0
7,"meal",0,0,0,0,21,0,0,0
7,"milk",0,0,1171,55,0,30,14,0
7,"mining_pick",0,0,0,0,1,0,0,0
7,"nails",0,0,0,0,6,0,0,0
7,"oak_bark",7,0,393,1,0,0,0,0
7,"oats",0,7,2879,13,0,18,0,0
7,"paper",7,0,141,0,6,0,0,0
7,"pig",0,0,362,5,0,1,7,0
7,"planks",15,0,160,0,8,2,0,0
7,"porridge",0,0,0,0,72,0,0,0
7,"raw_meat",42,0,480,0,4,21,15,0
7,"resin",14,0,123,0,0,0,0,0
7,"rivets",0,0,0,0,12,0,0,0
7,"roof_tiles",0,0,0,0,3,0,0,0
7,"salt",0,0,128,0,0,0,0,0
7,"sealing_wax",0,0,0,0,2,0,0,0
7,"sheep",0,0,260,0,0,0,0,0
7,"smoked_fish",0,0,0,0,14,0,0,0
7,"steel_bar",14,0,149,0,0,0,0,0
7,"stone",0,0,0,3,0,0,0,0
7,"straw",0,0,1654,0,0,7,0,0
7,"straw_hat",0,0,0,0,14,0,0,0
7,"tallow",0,42,384,0,2,22,6,0
7,"timber",0,0,502,4,0,3,0,0
7,"tin_bar",14,0,10,0,1,0,0,0
7,"tin_ore",14,0,132,0,0,2,0,0
7,"vegetables",0,9,2484,18,0,21,65,0
7,"wheat",0,0,1208,18,0,0,0,0
7,"wool",0,0,675,2,0,2,0,0
7,"wool_scarf",0,0,0,0,2,0,0,0
7,"wormwood",0,0,416,0,0,0,0,0
